-- phpMyAdmin SQL Dump
-- version 4.8.3
-- https://www.phpmyadmin.net/
--
-- Хост: 127.0.0.1:3306
-- Время создания: Мар 13 2019 г., 18:27
-- Версия сервера: 5.6.41
-- Версия PHP: 5.5.38

SET SQL_MODE = "NO_AUTO_VALUE_ON_ZERO";
SET AUTOCOMMIT = 0;
START TRANSACTION;
SET time_zone = "+00:00";


/*!40101 SET @OLD_CHARACTER_SET_CLIENT=@@CHARACTER_SET_CLIENT */;
/*!40101 SET @OLD_CHARACTER_SET_RESULTS=@@CHARACTER_SET_RESULTS */;
/*!40101 SET @OLD_COLLATION_CONNECTION=@@COLLATION_CONNECTION */;
/*!40101 SET NAMES utf8mb4 */;

--
-- База данных: `super_mag`
--

-- --------------------------------------------------------

--
-- Структура таблицы `category`
--

CREATE TABLE `category` (
  `id` int(11) NOT NULL,
  `name` varchar(255) NOT NULL,
  `sort_order` int(11) NOT NULL,
  `status` int(11) NOT NULL
) ENGINE=InnoDB DEFAULT CHARSET=utf8;

--
-- Дамп данных таблицы `category`
--

INSERT INTO `category` (`id`, `name`, `sort_order`, `status`) VALUES
(1, 'Рубашки', 1, 1),
(2, 'Сумки', 2, 1),
(3, 'Майки', 3, 1),
(4, 'Платья', 4, 1),
(5, 'Чемоданы', 5, 1),
(6, 'Брюки', 6, 1),
(7, 'Пиджаки', 7, 1),
(8, 'Галстуки', 8, 1);

-- --------------------------------------------------------

--
-- Структура таблицы `product`
--

CREATE TABLE `product` (
  `id` int(11) NOT NULL,
  `name` varchar(255) NOT NULL,
  `category_id` int(11) NOT NULL,
  `code` int(11) NOT NULL,
  `price` float NOT NULL,
  `availability` varchar(255) NOT NULL COMMENT 'Есть ли товар в наличии',
  `brand` varchar(255) NOT NULL,
  `image` varchar(255) NOT NULL,
  `description` text NOT NULL,
  `is_new` int(11) NOT NULL,
  `is_recommended` int(11) NOT NULL,
  `status` int(11) NOT NULL
) ENGINE=InnoDB DEFAULT CHARSET=utf8;

--
-- Дамп данных таблицы `product`
--

INSERT INTO `product` (`id`, `name`, `category_id`, `code`, `price`, `availability`, `brand`, `image`, `description`, `is_new`, `is_recommended`, `status`) VALUES
(1, 'Easy Polo Black Edition', 3, 13435345, 56, 'На складе', 'Polo', '/template/images/home/product1.jpg', 'Далеко-далеко за словесными горами в стране гласных и согласных живут рыбные тексты. Вдали от всех живут они в буквенных домах на берегу Семантика большого языкового океана. Маленький ручеек Даль журчит по всей стране и обеспечивает ее всеми необходимыми правилами. Эта парадигматическая страна, в которой жаренные члены предложения залетают прямо в рот. Даже всемогущая пунктуация не имеет власти над рыбными текстами, ведущими безорфографичный образ жизни. Однажды одна маленькая строчка рыбного текста по имени Lorem ipsum решила выйти в большой мир грамматики. Великий Оксмокс предупреждал ее о злых запятых, диких знаках вопроса и коварных точках с запятой, но текст не дал сбить себя с толку. Он собрал семь своих заглавных букв, подпоясал инициал за пояс и пустился в дорогу. Взобравшись на первую вершину курсивных гор, бросил он последний взгляд назад, на силуэт своего родного города Буквоград, на заголовок деревни Алфавит и на подзаголовок своего переулка Строчка. Грустный реторический вопрос скатился по его щеке и он продолжил свой путь. По дороге встретил текст рукопись. Она предупредила его: «В моей стране все переписывается по несколько раз. Единственное, что от меня осталось, это приставка «и». Возвращайся ты лучше в свою безопасную страну». Не послушавшись рукописи, наш текст продолжил свой путь. Вскоре ему повстречался коварный составитель', 0, 1, 1),
(2, 'Easy Polo Black Edition', 3, 342345, 56, 'На складе', 'Polo', '/template/images/home/product2.jpg', 'Далеко-далеко за словесными горами в стране гласных и согласных живут рыбные тексты. Вдали от всех живут они в буквенных домах на берегу Семантика большого языкового океана. Маленький ручеек Даль журчит по всей стране и обеспечивает ее всеми необходимыми правилами. Эта парадигматическая страна, в которой жаренные члены предложения залетают прямо в рот. Даже всемогущая пунктуация не имеет власти над рыбными текстами, ведущими безорфографичный образ жизни. Однажды одна маленькая строчка рыбного текста по имени Lorem ipsum решила выйти в большой мир грамматики. Великий Оксмокс предупреждал ее о злых запятых, диких знаках вопроса и коварных точках с запятой, но текст не дал сбить себя с толку. Он собрал семь своих заглавных букв, подпоясал инициал за пояс и пустился в дорогу. Взобравшись на первую вершину курсивных гор, бросил он последний взгляд назад, на силуэт своего родного города Буквоград, на заголовок деревни Алфавит и на подзаголовок своего переулка Строчка. Грустный реторический вопрос скатился по его щеке и он продолжил свой путь. По дороге встретил текст рукопись. Она предупредила его: «В моей стране все переписывается по несколько раз. Единственное, что от меня осталось, это приставка «и». Возвращайся ты лучше в свою безопасную страну». Не послушавшись рукописи, наш текст продолжил свой путь. Вскоре ему повстречался коварный составитель\r\n\r\n', 1, 1, 1),
(3, 'Easy Polo Black Edition', 3, 3456456, 56, 'На складе', 'Polo', '/template/images/home/product3.jpg', 'Душа моя озарена неземной радостью, как эти чудесные весенние утра, которыми я наслаждаюсь от всего сердца. Я совсем один и блаженствую в здешнем краю, словно созданном для таких, как я. Я так счастлив, мой друг, так упоен ощущением покоя, что искусство мое страдает от этого. Ни одного штриха не мог бы я сделать, а никогда не был таким большим художником, как в эти минуты. Когда от милой моей долины поднимается пар и полдневное солнце стоит над непроницаемой чащей темного леса и лишь редкий луч проскальзывает в его святая святых, а я лежу в высокой траве у быстрого ручья и, прильнув к земле, вижу тысячи всевозможных былинок и чувствую, как близок моему сердцу крошечный мирок, что снует между стебельками, наблюдаю эти неисчислимые, непостижимые разновидности червяков и мошек и чувствую близость всемогущего, создавшего нас по своему подобию, веяние вселюбящего, судившего нам парить в вечном блаженстве, когда взор мой туманится и все вокруг меня и небо надо мной запечатлены в моей душе, точно образ возлюбленной, - тогда, дорогой друг, меня часто томит мысль: \"Ах! Как бы выразить, как бы вдохнуть в рисунок то, что так полно, так трепетно живет во мне, запечатлеть отражение моей души, как душа моя - отражение предвечного бога!\" Друг', 0, 1, 1),
(4, 'Easy Polo Black Edition', 4, 4345346, 56, 'На складе', 'Polo', '/template/images/home/product4.jpg', 'Проснувшись однажды утром после беспокойного сна, Грегор Замза обнаружил, что он у себя в постели превратился в страшное насекомое. Лежа на панцирнотвердой спине, он видел, стоило ему приподнять голову, свой коричневый, выпуклый, разделенный дугообразными чешуйками живот, на верхушке которого еле держалось готовое вот-вот окончательно сползти одеяло. Его многочисленные, убого тонкие по сравнению с остальным телом ножки беспомощно копошились у него перед глазами. «Что со мной случилось?» – подумал он. Это не было сном. Его комната, настоящая, разве что слишком маленькая, но обычная комната, мирно покоилась в своих четырех хорошо знакомых стенах. Над столом, где были разложены распакованные образцы сукон – Замза был коммивояжером, – висел портрет, который он недавно вырезал из иллюстрированного журнала и вставил в красивую золоченую рамку. На портрете была изображена дама в меховой шляпе и боа, она сидела очень прямо и протягивала зрителю тяжелую меховую муфту, в которой целиком исчезала ее рука. Затем взгляд Грегора устремился в окно, и пасмурная погода – слышно было, как по жести подоконника стучат капли дождя – привела его и вовсе в грустное настроение. «Хорошо бы еще немного поспать и забыть всю эту чепуху», – подумал он, но это было совершенно неосуществимо, он привык спать на правом боку, а в теперешнем своем', 0, 1, 1),
(5, 'Easy Polo Black Edition', 1, 34554, 56, 'На складе', 'Polo', '/template/images/home/product5.jpg', 'Любя, съешь щипцы, — вздохнёт мэр, — кайф жгуч. Шеф взъярён тчк щипцы с эхом гудбай Жюль. Эй, жлоб! Где туз? Прячь юных съёмщиц в шкаф. Экс-граф? Плюш изъят. Бьём чуждый цен хвощ! Эх, чужак! Общий съём цен шляп (юфть) — вдрызг! Любя, съешь щипцы, — вздохнёт мэр, — кайф жгуч. Шеф взъярён тчк щипцы с эхом гудбай Жюль. Эй, жлоб! Где туз? Прячь юных съёмщиц в шкаф. Экс-граф? Плюш изъят. Бьём чуждый цен хвощ! Эх, чужак! Общий съём цен шляп (юфть) — вдрызг! Любя, съешь щипцы, — вздохнёт мэр, — кайф жгуч. Шеф взъярён тчк щипцы с эхом гудбай Жюль. Эй, жлоб! Где туз? Прячь юных съёмщиц в шкаф. Экс-граф? Плюш изъят. Бьём чуждый цен хвощ! Эх, чужак! Общий съём цен шляп (юфть) — вдрызг! Любя, съешь щипцы, — вздохнёт мэр, — кайф жгуч. Шеф взъярён тчк щипцы с эхом гудбай Жюль. Эй, жлоб! Где туз? Прячь юных съёмщиц в шкаф. Экс-граф? Плюш изъят. Бьём чуждый цен хвощ! Эх, чужак! Общий съём цен шляп (юфть) — вдрызг!Любя, съешь щипцы, — вздохнёт мэр, — кайф жгуч. Шеф взъярён тчк щипцы с эхом гудбай Жюль. Эй, жлоб! Где туз? Прячь юных съёмщиц в шкаф. Экс-граф? Плюш изъят. Бьём чуждый цен\r\n\r\n', 0, 0, 1),
(6, 'Easy Polo Black Edition', 3, 56756546, 57, 'В наличии', 'Polo', '/template/images/home/product6.jpg', 'Lorem ipsum dolor sit amet, consectetuer adipiscing elit. Aenean commodo ligula eget dolor. Aenean massa. Cum sociis natoque penatibus et magnis dis parturient montes, nascetur ridiculus mus. Donec quam felis, ultricies nec, pellentesque eu, pretium quis, sem. Nulla consequat massa quis enim. Donec pede justo, fringilla vel, aliquet nec, vulputate eget, arcu. In enim justo, rhoncus ut, imperdiet a, venenatis vitae, justo. Nullam dictum felis eu pede mollis pretium. Integer tincidunt. Cras dapibus. Vivamus elementum semper nisi. Aenean vulputate eleifend tellus. Aenean leo ligula, porttitor eu, consequat vitae, eleifend ac, enim. Aliquam lorem ante, dapibus in, viverra quis, feugiat a, tellus. Phasellus viverra nulla ut metus varius laoreet. Quisque rutrum. Aenean imperdiet. Etiam ultricies nisi vel augue. Curabitur ullamcorper ultricies nisi. Nam eget dui. Etiam rhoncus. Maecenas tempus, tellus eget condimentum rhoncus, sem quam semper libero, sit amet adipiscing sem neque sed ipsum. Nam quam nunc, blandit vel, luctus pulvinar, hendrerit id, lorem. Maecenas nec odio et ante tincidunt tempus. Donec vitae sapien ut libero venenatis faucibus. Nullam quis ante. Etiam sit amet orci eget eros faucibus tincidunt. Duis leo. Sed fringilla mauris sit amet nibh. Donec sodales sagittis magna. Sed consequat, leo eget bibendum sodales, augue velit cursus nunc,\r\n\r\n', 1, 1, 0),
(7, 'Easy Polo Black Edition', 5, 123123, 55, 'На складе', 'Polo', '/template/images/home/product1.jpg', 'Описание', 1, 1, 1),
(8, 'Easy Polo Black Edition', 5, 123123, 55, 'На складе', 'Polo', '/template/images/home/product1.jpg', 'Описание', 1, 1, 1),
(9, 'Easy Polo Black Edition', 5, 123123, 577, 'На складе', 'Polo', '/template/images/home/product2.jpg', 'Описание', 1, 1, 1),
(10, 'Easy Polo Black Edition', 5, 123123, 577, 'На складе', 'Polo', '/template/images/home/product2.jpg', 'Описание', 1, 1, 1),
(11, 'Easy Polo Black Edition', 5, 123123, 123, 'На складе', 'Polo', '/template/images/home/product1.jpg', 'Описание', 1, 1, 1),
(12, 'Easy Polo Black Edition', 5, 123123, 123, 'На складе', 'Polo', '/template/images/home/product1.jpg', 'Описание', 1, 1, 1),
(13, 'Easy Polo Black Edition', 3, 13435345, 56, 'На складе', 'Polo', '/template/images/home/product1.jpg', 'Далеко-далеко за словесными горами в стране гласных и согласных живут рыбные тексты. Вдали от всех живут они в буквенных домах на берегу Семантика большого языкового океана. Маленький ручеек Даль журчит по всей стране и обеспечивает ее всеми необходимыми правилами. Эта парадигматическая страна, в которой жаренные члены предложения залетают прямо в рот. Даже всемогущая пунктуация не имеет власти над рыбными текстами, ведущими безорфографичный образ жизни. Однажды одна маленькая строчка рыбного текста по имени Lorem ipsum решила выйти в большой мир грамматики. Великий Оксмокс предупреждал ее о злых запятых, диких знаках вопроса и коварных точках с запятой, но текст не дал сбить себя с толку. Он собрал семь своих заглавных букв, подпоясал инициал за пояс и пустился в дорогу. Взобравшись на первую вершину курсивных гор, бросил он последний взгляд назад, на силуэт своего родного города Буквоград, на заголовок деревни Алфавит и на подзаголовок своего переулка Строчка. Грустный реторический вопрос скатился по его щеке и он продолжил свой путь. По дороге встретил текст рукопись. Она предупредила его: «В моей стране все переписывается по несколько раз. Единственное, что от меня осталось, это приставка «и». Возвращайся ты лучше в свою безопасную страну». Не послушавшись рукописи, наш текст продолжил свой путь. Вскоре ему повстречался коварный составитель', 0, 1, 1),
(14, 'Easy Polo Black Edition', 3, 342345, 56, 'На складе', 'Polo', '/template/images/home/product2.jpg', 'Далеко-далеко за словесными горами в стране гласных и согласных живут рыбные тексты. Вдали от всех живут они в буквенных домах на берегу Семантика большого языкового океана. Маленький ручеек Даль журчит по всей стране и обеспечивает ее всеми необходимыми правилами. Эта парадигматическая страна, в которой жаренные члены предложения залетают прямо в рот. Даже всемогущая пунктуация не имеет власти над рыбными текстами, ведущими безорфографичный образ жизни. Однажды одна маленькая строчка рыбного текста по имени Lorem ipsum решила выйти в большой мир грамматики. Великий Оксмокс предупреждал ее о злых запятых, диких знаках вопроса и коварных точках с запятой, но текст не дал сбить себя с толку. Он собрал семь своих заглавных букв, подпоясал инициал за пояс и пустился в дорогу. Взобравшись на первую вершину курсивных гор, бросил он последний взгляд назад, на силуэт своего родного города Буквоград, на заголовок деревни Алфавит и на подзаголовок своего переулка Строчка. Грустный реторический вопрос скатился по его щеке и он продолжил свой путь. По дороге встретил текст рукопись. Она предупредила его: «В моей стране все переписывается по несколько раз. Единственное, что от меня осталось, это приставка «и». Возвращайся ты лучше в свою безопасную страну». Не послушавшись рукописи, наш текст продолжил свой путь. Вскоре ему повстречался коварный составитель\r\n\r\n', 1, 1, 1),
(15, 'Easy Polo Black Edition', 3, 3456456, 56, 'На складе', 'Polo', '/template/images/home/product3.jpg', 'Душа моя озарена неземной радостью, как эти чудесные весенние утра, которыми я наслаждаюсь от всего сердца. Я совсем один и блаженствую в здешнем краю, словно созданном для таких, как я. Я так счастлив, мой друг, так упоен ощущением покоя, что искусство мое страдает от этого. Ни одного штриха не мог бы я сделать, а никогда не был таким большим художником, как в эти минуты. Когда от милой моей долины поднимается пар и полдневное солнце стоит над непроницаемой чащей темного леса и лишь редкий луч проскальзывает в его святая святых, а я лежу в высокой траве у быстрого ручья и, прильнув к земле, вижу тысячи всевозможных былинок и чувствую, как близок моему сердцу крошечный мирок, что снует между стебельками, наблюдаю эти неисчислимые, непостижимые разновидности червяков и мошек и чувствую близость всемогущего, создавшего нас по своему подобию, веяние вселюбящего, судившего нам парить в вечном блаженстве, когда взор мой туманится и все вокруг меня и небо надо мной запечатлены в моей душе, точно образ возлюбленной, - тогда, дорогой друг, меня часто томит мысль: \"Ах! Как бы выразить, как бы вдохнуть в рисунок то, что так полно, так трепетно живет во мне, запечатлеть отражение моей души, как душа моя - отражение предвечного бога!\" Друг', 0, 1, 1),
(16, 'Easy Polo Black Edition', 4, 4345346, 56, 'На складе', 'Polo', '/template/images/home/product4.jpg', 'Проснувшись однажды утром после беспокойного сна, Грегор Замза обнаружил, что он у себя в постели превратился в страшное насекомое. Лежа на панцирнотвердой спине, он видел, стоило ему приподнять голову, свой коричневый, выпуклый, разделенный дугообразными чешуйками живот, на верхушке которого еле держалось готовое вот-вот окончательно сползти одеяло. Его многочисленные, убого тонкие по сравнению с остальным телом ножки беспомощно копошились у него перед глазами. «Что со мной случилось?» – подумал он. Это не было сном. Его комната, настоящая, разве что слишком маленькая, но обычная комната, мирно покоилась в своих четырех хорошо знакомых стенах. Над столом, где были разложены распакованные образцы сукон – Замза был коммивояжером, – висел портрет, который он недавно вырезал из иллюстрированного журнала и вставил в красивую золоченую рамку. На портрете была изображена дама в меховой шляпе и боа, она сидела очень прямо и протягивала зрителю тяжелую меховую муфту, в которой целиком исчезала ее рука. Затем взгляд Грегора устремился в окно, и пасмурная погода – слышно было, как по жести подоконника стучат капли дождя – привела его и вовсе в грустное настроение. «Хорошо бы еще немного поспать и забыть всю эту чепуху», – подумал он, но это было совершенно неосуществимо, он привык спать на правом боку, а в теперешнем своем', 0, 1, 1),
(17, 'Easy Polo Black Edition', 1, 34554, 56, 'На складе', 'Polo', '/template/images/home/product5.jpg', 'Любя, съешь щипцы, — вздохнёт мэр, — кайф жгуч. Шеф взъярён тчк щипцы с эхом гудбай Жюль. Эй, жлоб! Где туз? Прячь юных съёмщиц в шкаф. Экс-граф? Плюш изъят. Бьём чуждый цен хвощ! Эх, чужак! Общий съём цен шляп (юфть) — вдрызг! Любя, съешь щипцы, — вздохнёт мэр, — кайф жгуч. Шеф взъярён тчк щипцы с эхом гудбай Жюль. Эй, жлоб! Где туз? Прячь юных съёмщиц в шкаф. Экс-граф? Плюш изъят. Бьём чуждый цен хвощ! Эх, чужак! Общий съём цен шляп (юфть) — вдрызг! Любя, съешь щипцы, — вздохнёт мэр, — кайф жгуч. Шеф взъярён тчк щипцы с эхом гудбай Жюль. Эй, жлоб! Где туз? Прячь юных съёмщиц в шкаф. Экс-граф? Плюш изъят. Бьём чуждый цен хвощ! Эх, чужак! Общий съём цен шляп (юфть) — вдрызг! Любя, съешь щипцы, — вздохнёт мэр, — кайф жгуч. Шеф взъярён тчк щипцы с эхом гудбай Жюль. Эй, жлоб! Где туз? Прячь юных съёмщиц в шкаф. Экс-граф? Плюш изъят. Бьём чуждый цен хвощ! Эх, чужак! Общий съём цен шляп (юфть) — вдрызг!Любя, съешь щипцы, — вздохнёт мэр, — кайф жгуч. Шеф взъярён тчк щипцы с эхом гудбай Жюль. Эй, жлоб! Где туз? Прячь юных съёмщиц в шкаф. Экс-граф? Плюш изъят. Бьём чуждый цен\r\n\r\n', 0, 0, 1),
(18, 'Easy Polo Black Edition', 3, 56756546, 57, 'В наличии', 'Polo', '/template/images/home/product6.jpg', 'Lorem ipsum dolor sit amet, consectetuer adipiscing elit. Aenean commodo ligula eget dolor. Aenean massa. Cum sociis natoque penatibus et magnis dis parturient montes, nascetur ridiculus mus. Donec quam felis, ultricies nec, pellentesque eu, pretium quis, sem. Nulla consequat massa quis enim. Donec pede justo, fringilla vel, aliquet nec, vulputate eget, arcu. In enim justo, rhoncus ut, imperdiet a, venenatis vitae, justo. Nullam dictum felis eu pede mollis pretium. Integer tincidunt. Cras dapibus. Vivamus elementum semper nisi. Aenean vulputate eleifend tellus. Aenean leo ligula, porttitor eu, consequat vitae, eleifend ac, enim. Aliquam lorem ante, dapibus in, viverra quis, feugiat a, tellus. Phasellus viverra nulla ut metus varius laoreet. Quisque rutrum. Aenean imperdiet. Etiam ultricies nisi vel augue. Curabitur ullamcorper ultricies nisi. Nam eget dui. Etiam rhoncus. Maecenas tempus, tellus eget condimentum rhoncus, sem quam semper libero, sit amet adipiscing sem neque sed ipsum. Nam quam nunc, blandit vel, luctus pulvinar, hendrerit id, lorem. Maecenas nec odio et ante tincidunt tempus. Donec vitae sapien ut libero venenatis faucibus. Nullam quis ante. Etiam sit amet orci eget eros faucibus tincidunt. Duis leo. Sed fringilla mauris sit amet nibh. Donec sodales sagittis magna. Sed consequat, leo eget bibendum sodales, augue velit cursus nunc,\r\n\r\n', 1, 1, 0),
(19, 'Easy Polo Black Edition', 5, 123123, 55, 'На складе', 'Polo', '/template/images/home/product1.jpg', 'Описание', 1, 1, 1),
(20, 'Easy Polo Black Edition', 5, 123123, 55, 'На складе', 'Polo', '/template/images/home/product1.jpg', 'Описание', 1, 1, 1),
(21, 'Easy Polo Black Edition', 5, 123123, 577, 'На складе', 'Polo', '/template/images/home/product2.jpg', 'Описание', 1, 1, 1),
(22, 'Easy Polo Black Edition', 5, 123123, 577, 'На складе', 'Polo', '/template/images/home/product2.jpg', 'Описание', 1, 1, 1);

-- --------------------------------------------------------

--
-- Структура таблицы `product_order`
--

CREATE TABLE `product_order` (
  `id` int(11) NOT NULL,
  `user_name` varchar(255) NOT NULL,
  `user_phone` varchar(255) NOT NULL,
  `user_comment` text NOT NULL,
  `user_id` int(11) DEFAULT NULL,
  `date` timestamp NOT NULL DEFAULT CURRENT_TIMESTAMP,
  `products` text NOT NULL,
  `status` int(11) NOT NULL DEFAULT '1'
) ENGINE=InnoDB DEFAULT CHARSET=utf8;

--
-- Дамп данных таблицы `product_order`
--

INSERT INTO `product_order` (`id`, `user_name`, `user_phone`, `user_comment`, `user_id`, `date`, `products`, `status`) VALUES
(1, 'Евгений', '123123123123', 'jhgvghvbhjm', 0, '2019-03-11 13:06:16', '{\"22\":7,\"20\":27,\"21\":13}', 1),
(2, 'Весновский Евгений', '123123123123', 'вапвап', 2, '2019-03-11 13:10:35', '{\"22\":1,\"20\":1}', 1);

-- --------------------------------------------------------

--
-- Структура таблицы `users`
--

CREATE TABLE `users` (
  `id` int(11) NOT NULL,
  `name` varchar(255) NOT NULL,
  `email` varchar(255) NOT NULL,
  `password` int(11) NOT NULL
) ENGINE=InnoDB DEFAULT CHARSET=utf8;

--
-- Дамп данных таблицы `users`
--

INSERT INTO `users` (`id`, `name`, `email`, `password`) VALUES
(1, 'fsd', 'aaaa@aaaa.aa', 123),
(2, 'Весновский Евгений', 'evgenij.vesnovskij@mail.ru', 123123);

--
-- Индексы сохранённых таблиц
--

--
-- Индексы таблицы `category`
--
ALTER TABLE `category`
  ADD PRIMARY KEY (`id`);

--
-- Индексы таблицы `product`
--
ALTER TABLE `product`
  ADD PRIMARY KEY (`id`);

--
-- Индексы таблицы `product_order`
--
ALTER TABLE `product_order`
  ADD PRIMARY KEY (`id`);

--
-- Индексы таблицы `users`
--
ALTER TABLE `users`
  ADD PRIMARY KEY (`id`);

--
-- AUTO_INCREMENT для сохранённых таблиц
--

--
-- AUTO_INCREMENT для таблицы `category`
--
ALTER TABLE `category`
  MODIFY `id` int(11) NOT NULL AUTO_INCREMENT, AUTO_INCREMENT=9;

--
-- AUTO_INCREMENT для таблицы `product`
--
ALTER TABLE `product`
  MODIFY `id` int(11) NOT NULL AUTO_INCREMENT, AUTO_INCREMENT=23;

--
-- AUTO_INCREMENT для таблицы `product_order`
--
ALTER TABLE `product_order`
  MODIFY `id` int(11) NOT NULL AUTO_INCREMENT, AUTO_INCREMENT=3;

--
-- AUTO_INCREMENT для таблицы `users`
--
ALTER TABLE `users`
  MODIFY `id` int(11) NOT NULL AUTO_INCREMENT, AUTO_INCREMENT=3;
COMMIT;

/*!40101 SET CHARACTER_SET_CLIENT=@OLD_CHARACTER_SET_CLIENT */;
/*!40101 SET CHARACTER_SET_RESULTS=@OLD_CHARACTER_SET_RESULTS */;
/*!40101 SET COLLATION_CONNECTION=@OLD_COLLATION_CONNECTION */;
